use taller_automotriz;

INSERT INTO Proveedor (ProveedorID, TipoProducto, Nombre, Contacto, Email) VALUES
(1, 'M', 'AutoParts Supply', 'Juan Pérez', 'info@autoparts.com'),
(2, 'P', 'Mechanical Solutions', 'María López', 'salzzs@mechanicalsolutions.com'),
(3, 'M', 'CarCare Products', 'Pedro Ramírez', 'saleascs@carcareproducts.com'),
(4, 'P', 'Tire Empire', 'Ana Martínez', 'contact@tireempire.com'),
(5, 'M', 'Engine Tech', 'Roberto Gómez', 'info@enginetech.com'),
(6, 'P', 'Brake Experts', 'Laura González', 'sales@brakeexperts.com'),
(7, 'M', 'Oil & Lubricants Co.', 'Diego Hernández', 'info@oillubricants.com'),
(8, 'P', 'Suspension Specialists', 'Carolina Ruiz', 'sczales@suspensionspecialists.com'),
(9, 'M', 'Electrical Parts Inc.', 'Santiago Pérez', 'conztact@electricalparts.com'),
(10, 'P', 'AutoGlass Supplies', 'Valentina García', 'infoz@autoglasssupplies.com'),
(11, 'M', 'Body Shop Materials', 'Gabriel Sánchez', 'salesz@bodyshopmaterials.com'),
(12, 'P', 'Exhaust Systems Ltd.', 'Paula Martínez', 'contaczt@exhaustsystems.com'),
(13, 'M', 'Cooling Systems Co.', 'Fernando López', 'info@coozlingsystems.com'),
(14, 'P', 'Interior Accessories', 'Cristina Díaz', 'sales@intzerioraccessories.com'),
(15, 'M', 'Transmission Parts', 'Lucas Gutiérrez', 'contact@trzansmissionparts.com'),
(16, 'P', 'Performance Upgrades', 'Julieta Fernández', 'info@pezrformanceupgrades.com'),
(17, 'M', 'Fuel System Components', 'Maximiliano Pérez', 'sales@zfuelsystemcomponents.com'),
(18, 'P', 'Lighting Solutions', 'Camila Rodríguez', 'contact@lighztingsolutions.com'),
(19, 'M', 'Wheels & Tires Co.', 'Daniel Martínez', 'info@wheelsandztires.com'),
(20, 'P', 'Car Care Products', 'Ana González', 'sales@carcareproduczts.com'),
(21, 'M', 'Auto Electronics Inc.', 'Juan López', 'contact@autoelectrzonics.com'),
(22, 'P', 'Brake Systems Ltd.', 'María Gutiérrez', 'info@brakesystemsz.cosm'),
(23, 'M', 'Coolant Solutions', 'Pedro Sánchez', 'sales@coolantsolutionzs.fcom'),
(24, 'P', 'Suspension Parts', 'Laura Díaz', 'contact@suspensionparts.cozmw'),
(25, 'M', 'Engine Components', 'Roberto Fernández', 'info@enginecomponenazts.com'),
(26, 'P', 'Exterior Accessories', 'Carolina Martínez', 'sales@exterioraccczessories.com'),
(27, 'M', 'Transmission Fluids', 'Santiago González', 'contact@transmixssioznfluids.com'),
(28, 'P', 'Performance Parts', 'Valentina Díaz', 'info@performanceparxts.comz'),
(29, 'M', 'Fuel Injection Systems', 'Gabriel Pérez', 'sales@fuelinjexctionsysztems.com'),
(30, 'P', 'Light Bulbs Co.', 'Paula López', 'contact@lightbulbs.comz');

-- inserts para la tabla servicio
INSERT INTO Servicio (ServicioID, Nombre, Descripcion, Costo) VALUES
(1, 'Cambio de aceite', 'Incluye cambio de filtro de aceite y revisión básica de fluidos.', 50.00),
(2, 'Alineación y balanceo', 'Alineación de ruedas y balanceo para mejorar la estabilidad y desgaste de neumáticos.', 80.00),
(3, 'Revisión de frenos', 'Inspección y ajuste de frenos, incluyendo cambio de pastillas si es necesario.', 120.00),
(4, 'Cambio de batería', 'Sustitución de la batería antigua por una nueva de alta calidad.', 100.00),
(5, 'Diagnóstico electrónico', 'Análisis completo del sistema eléctrico y electrónico del vehículo.', 60.00),
(6, 'Cambio de neumáticos', 'Sustitución de neumáticos desgastados por nuevos y balanceo.', 200.00),
(7, 'Reparación de motor', 'Reparación de componentes internos del motor y ajustes necesarios.', 300.00),
(8, 'Cambio de correa de distribución', 'Sustitución de la correa de distribución y ajustes correspondientes.', 180.00),
(9, 'Reparación de transmisión', 'Revisión y reparación de la transmisión automática o manual.', 400.00),
(10, 'Servicio de frenos ABS', 'Diagnóstico y reparación de sistemas de frenos antibloqueo.', 150.00),
(11, 'Reparación de sistema de escape', 'Reemplazo de componentes del sistema de escape y ajustes.', 250.00),
(12, 'Recarga de aire acondicionado', 'Recarga de gas refrigerante y revisión del sistema de climatización.', 80.00),
(13, 'Revisión de suspensión', 'Inspección y ajuste de componentes de suspensión y amortiguación.', 100.00),
(14, 'Servicio de inyección de combustible', 'Limpieza y ajuste de inyectores para mejorar el rendimiento.', 120.00),
(15, 'Reemplazo de filtro de aire', 'Sustitución del filtro de aire por uno nuevo de alto rendimiento.', 30.00),
(16, 'Reparación de sistema eléctrico', 'Diagnóstico y reparación de fallas en el sistema eléctrico del vehículo.', 150.00),
(17, 'Inspección de emisiones', 'Análisis de gases de escape y ajustes para cumplir normativas ambientales.', 50.00),
(18, 'Servicio de dirección asistida', 'Revisión y reparación de sistema de dirección asistida hidráulica o eléctrica.', 120.00),
(19, 'Lavado y detallado', 'Lavado exterior, limpieza interior y detallado para mantener el vehículo impecable.', 70.00),
(20, 'Revisión de luces', 'Inspección y reemplazo de bombillas para garantizar la visibilidad.', 40.00),
(21, 'Diagnóstico de suspensión', 'Análisis detallado de los componentes de la suspensión y recomendaciones de reparación.', 60.00),
(22, 'Cambio de líquido de frenos', 'Sustitución del líquido de frenos por uno nuevo para mantener la eficiencia del sistema.', 70.00),
(23, 'Reparación de sistema de dirección', 'Revisión y ajuste de componentes de dirección para garantizar la seguridad.', 90.00),
(24, 'Reparación de sistema de refrigeración', 'Diagnóstico y reparación de fugas o fallas en el sistema de enfriamiento.', 100.00),
(25, 'Servicio de filtración de aceite', 'Cambio de filtro de aceite y limpieza del sistema para un mejor rendimiento.', 40.00),
(26, 'Ajuste de válvulas', 'Ajuste y calibración de válvulas para mejorar el funcionamiento del motor.', 80.00),
(27, 'Revisión de sistemas de seguridad', 'Inspección de sistemas de seguridad como airbags y cinturones de seguridad.', 50.00),
(28, 'Servicio de limpieza de inyectores', 'Limpieza profunda de inyectores para eliminar residuos y mejorar la combustión.', 60.00),
(29, 'Reemplazo de termostato', 'Sustitución del termostato para mantener la temperatura óptima del motor.', 70.00),
(30, 'Diagnóstico de problemas eléctricos', 'Identificación y reparación de problemas eléctricos en el sistema del vehículo.', 80.00);

-- inserts para ubicaciones 
INSERT INTO ubicacion (ubicacionID, nombre, descripcion) VALUES
(1, 'Oficina Administrativa', 'Área dedicada a las labores administrativas y de gestión.'),
(2, 'Área de Recepción', 'Espacio donde se reciben a los clientes y se coordinan las citas y servicios.'),
(3, 'Sala de Espera', 'Zona confortable para que los clientes aguarden mientras se realiza el servicio en sus vehículos.'),
(4, 'Taller Mecánico', 'Espacio equipado con herramientas y maquinaria para realizar reparaciones y mantenimiento mecánico.'),
(5, 'Área de Pintura', 'Sección dedicada a trabajos de pintura y acabados en carrocerías de vehículos.'),
(6, 'Almacén de Repuestos', 'Lugar donde se almacenan las piezas y repuestos necesarios para las reparaciones.'),
(7, 'Zona de Lavado', 'Espacio equipado para el lavado exterior e interior de los vehículos.'),
(8, 'Área de Diagnóstico', 'Sector con equipos especializados para diagnóstico electrónico y mecánico de vehículos.'),
(9, 'Estación de Servicio', 'Área destinada a la atención rápida para servicios como cambio de aceite y revisión básica.'),
(10, 'Taller de Electricidad', 'Sección especializada en reparaciones y mantenimiento de sistemas eléctricos de vehículos.'),
(11, 'Taller de Chapa y Pintura', 'Especializado en reparaciones estéticas y de carrocería.'),
(12, 'Bodega de Materiales', 'Almacén adicional para materiales y suministros de mantenimiento.'),
(13, 'Área de Inspección', 'Lugar donde se realizan inspecciones exhaustivas antes de entregar el vehículo al cliente.'),
(14, 'Estación de Carga de Aire Acondicionado', 'Espacio dedicado a la recarga y mantenimiento del sistema de aire acondicionado.'),
(15, 'Área de Alineación y Balanceo', 'Especializado en ajustes precisos de la alineación y balanceo de ruedas.'),
(16, 'Taller de Transmisiones', 'Sección enfocada en reparaciones y mantenimiento de sistemas de transmisión.'),
(17, 'Estación de Diagnóstico de Emisiones', 'Espacio para la evaluación de emisiones y cumplimiento de regulaciones ambientales.'),
(18, 'Área de Reparaciones Menores', 'Sección ágil para reparaciones rápidas y ajustes menores.'),
(19, 'Área de Mantenimiento Preventivo', 'Espacio dedicado a servicios programados de mantenimiento para prevenir averías.'),
(20, 'Estación de Cambio de Neumáticos', 'Especializado en cambios de neumáticos y servicios relacionados.'),
(21, 'Taller de Frenos', 'Sección especializada en diagnóstico y reparación de sistemas de frenado.'),
(22, 'Estación de Limpieza de Inyectores', 'Espacio dedicado a la limpieza y mantenimiento de inyectores de combustible.'),
(23, 'Taller de Suspensión', 'Especializado en diagnóstico y reparación de sistemas de suspensión y amortiguación.'),
(24, 'Estación de Carga de Baterías', 'Lugar para la carga y mantenimiento de baterías de vehículos.'),
(25, 'Área de Reparación de Dirección', 'Sección dedicada a reparaciones y ajustes de sistemas de dirección.'),
(26, 'Taller de Climatización', 'Especializado en diagnóstico y reparación de sistemas de climatización y aire acondicionado.'),
(27, 'Área de Servicios Rápidos', 'Espacio ágil para servicios como cambio de aceite, filtros y revisión básica.'),
(28, 'Estación de Lavado a Presión', 'Lugar para el lavado exterior con equipos de lavado a alta presión.'),
(29, 'Taller de Motores', 'Sección especializada en diagnóstico y reparación de motores de vehículos.'),
(30, 'Área de Mantenimiento de Interiores', 'Espacio para limpieza y mantenimiento de interiores de vehículos.');

-- inserts para cargos
INSERT INTO cargo (cargoID, Nombre, Descripcion) VALUES
(1, 'Gerente General', 'Responsable de la gestión global del taller automotriz.'),
(2, 'Jefe de Taller', 'Encargado de coordinar y supervisar las actividades en el taller mecánico.'),
(3, 'Jefe de Ventas', 'Responsable de la gestión y estrategias de ventas de servicios y repuestos.'),
(4, 'Jefe de Almacén', 'Encargado de gestionar y controlar el inventario de piezas y repuestos.'),
(5, 'Asesor Técnico', 'Brinda asesoramiento técnico y atención al cliente para servicios y reparaciones.'),
(6, 'Mecánico Especializado', 'Profesional con experiencia en diagnóstico y reparación de vehículos.'),
(7, 'Pintor de Carrocería', 'Especializado en trabajos de pintura y acabados en carrocerías de vehículos.'),
(8, 'Electricista Automotriz', 'Profesional especializado en sistemas eléctricos de vehículos.'),
(9, 'Técnico en Aire Acondicionado', 'Encargado de diagnóstico y reparación de sistemas de climatización.'),
(10, 'Ingeniero de Motores', 'Profesional con conocimientos avanzados en reparación de motores.'),
(11, 'Mecánico de Transmisiones', 'Especializado en diagnóstico y reparación de sistemas de transmisión.'),
(12, 'Técnico de Frenos', 'Profesional dedicado a diagnóstico y reparación de sistemas de frenado.'),
(13, 'Técnico en Suspensión', 'Encargado de diagnóstico y reparación de sistemas de suspensión y amortiguación.'),
(14, 'Especialista en Dirección', 'Profesional especializado en diagnóstico y reparación de sistemas de dirección.'),
(15, 'Técnico de Climatización', 'Encargado de diagnóstico y reparación de sistemas de climatización.'),
(16, 'Lavador de Vehículos', 'Encargado del lavado exterior e interior de los vehículos.'),
(17, 'Mecánico de Mantenimiento', 'Profesional dedicado a servicios programados de mantenimiento.'),
(18, 'Técnico de Inyección de Combustible', 'Especializado en diagnóstico y reparación de sistemas de inyección.'),
(19, 'Especialista en Neumáticos', 'Profesional con experiencia en cambios y reparaciones de neumáticos.'),
(20, 'Asistente Administrativo', 'Brinda apoyo en labores administrativas y gestión de documentación.'),
(21, 'Recepcionista', 'Encargado de recibir a los clientes y gestionar las citas y servicios.'),
(22, 'Asistente de Ventas', 'Brinda apoyo en la gestión de ventas de servicios y repuestos.'),
(23, 'Almacenero', 'Encargado de gestionar y controlar el stock de piezas y repuestos en el almacén.'),
(24, 'Auxiliar de Mecánico', 'Brinda apoyo en tareas mecánicas y de mantenimiento.'),
(25, 'Ayudante de Pintura', 'Brinda apoyo en tareas de preparación y pintura de carrocerías.'),
(26, 'Asistente de Electricista', 'Brinda apoyo en diagnóstico y reparación de sistemas eléctricos.'),
(27, 'Técnico de Diagnóstico', 'Profesional especializado en diagnóstico electrónico de vehículos.'),
(28, 'Ayudante de Suspensión', 'Brinda apoyo en tareas de diagnóstico y reparación de suspensión.'),
(29, 'Asistente de Lavado', 'Brinda apoyo en tareas de lavado exterior e interior de vehículos.'),
(30, 'Practicante', 'Estudiante en período de prácticas para adquirir experiencia en el taller automotriz.');

-- inserts para piezas 
INSERT INTO pieza (piezaID, Nombre, Descripcion, precio, proveedorID) VALUES
(1, 'Filtro de Aceite', 'Filtro de aceite de alta calidad para motores de vehículos.', 15.00, 2),
(2, 'Pastillas de Freno', 'Pastillas de freno de cerámica para un rendimiento superior.', 45.00, 4),
(3, 'Batería de Arranque', 'Batería de 12V de larga duración para vehículos.', 100.00, 9),
(4, 'Correa de Distribución', 'Correa de distribución reforzada para motores de combustión.', 35.00, 12),
(5, 'Inyectores de Combustible', 'Conjunto de inyectores de combustible para sistemas de inyección.', 180.00, 29),
(6, 'Filtro de Aire', 'Filtro de aire de alto rendimiento para motores de gasolina.', 25.00, 1),
(7, 'Bujías de Encendido', 'Juego de bujías de encendido de platino para mejorar la combustión.', 30.00, 14),
(8, 'Lámparas LED', 'Kit de lámparas LED para iluminación exterior de vehículos.', 50.00, 18),
(9, 'Neumáticos de Verano', 'Juego de neumáticos de verano para un mejor agarre en carretera seca.', 300.00, 19),
(10, 'Amortiguadores Traseros', 'Par de amortiguadores traseros de gas para confort de conducción.', 120.00, 3),
(11, 'Bobina de Encendido', 'Bobina de encendido de alto rendimiento para sistemas electrónicos.', 60.00, 27),
(12, 'Termostato de Refrigeración', 'Termostato de refrigeración para controlar la temperatura del motor.', 25.00, 23),
(13, 'Sensor de Oxígeno', 'Sensor de oxígeno para sistemas de control de emisiones.', 80.00, 10),
(14, 'Alternador', 'Alternador de 12V para la generación de energía en el sistema eléctrico.', 150.00, 5),
(15, 'Kit de Embrague', 'Kit completo de embrague para transmisiones manuales.', 200.00, 20),
(16, 'Radiador de Refrigeración', 'Radiador de refrigeración para motores de combustión interna.', 90.00, 7),
(17, 'Espejo Retrovisor', 'Espejo retrovisor de repuesto para vehículos.', 40.00, 26),
(18, 'Sistema de Escape Completo', 'Sistema completo de escape con silenciador y tubos.', 250.00, 11),
(19, 'Compresor de Aire Acondicionado', 'Compresor de aire acondicionado para sistemas de climatización.', 180.00, 22),
(20, 'Juego de Tapacubos', 'Juego de tapacubos para mejorar la estética de las ruedas.', 60.00, 16),
(21, 'Filtro de Combustible', 'Filtro de combustible de alto flujo para motores de gasolina.', 30.00, 25),
(22, 'Caja de Dirección', 'Caja de dirección asistida para vehículos.', 300.00, 8),
(23, 'Bombilla de Faro', 'Bombilla de faro halógena para iluminación delantera.', 10.00, 6),
(24, 'Juego de Discos de Freno', 'Juego de discos de freno ventilados para mayor disipación de calor.', 150.00, 13),
(25, 'Caja de Cambios Automática', 'Caja de cambios automática de repuesto para vehículos.', 700.00, 21),
(26, 'Amortiguadores Delanteros', 'Par de amortiguadores delanteros de gas para confort de conducción.', 140.00, 30),
(27, 'Limpiaparabrisas', 'Kit de limpiaparabrisas con hojas de goma de alta calidad.', 20.00, 24),
(28, 'Sensor de Presión de Neumáticos', 'Sensor de presión de neumáticos para monitoreo de presión.', 35.00, 17),
(29, 'Juego de Tapetes', 'Juego de tapetes de goma para protección de la tapicería.', 40.00, 15),
(30, 'Amortiguador de Dirección', 'Amortiguador de dirección para sistemas hidráulicos.', 80.00, 28);

-- inserts para inventario 

INSERT INTO inventario (inventarioID, piezaID, cantidad, ubicacionID) VALUES
(1, 5, 10, 7),
(2, 12, 5, 12),
(3, 7, 20, 4),
(4, 15, 8, 17),
(5, 19, 15, 29),
(6, 4, 12, 14),
(7, 2, 18, 25),
(8, 24, 6, 20),
(9, 10, 25, 9),
(10, 3, 30, 22),
(11, 9, 10, 2),
(12, 27, 15, 26),
(13, 28, 8, 16),
(14, 6, 20, 11),
(15, 18, 10, 28),
(16, 22, 6, 6),
(17, 25, 4, 27),
(18, 21, 15, 3),
(19, 29, 10, 30),
(20, 1, 25, 21),
(21, 26, 8, 19),
(22, 14, 12, 10),
(23, 11, 15, 24),
(24, 20, 20, 8),
(25, 13, 10, 18),
(26, 8, 30, 5),
(27, 23, 8, 23),
(28, 17, 15, 15),
(29, 30, 10, 13),
(30, 16, 12, 1);

-- inserts para empleados
INSERT INTO Empleado (empleadoID, Nombre, Apellido, cargoID) VALUES
(1, 'Juan', 'Martínez', 7),
(2, 'María', 'López', 14),
(3, 'Carlos', 'García', 21),
(4, 'Laura', 'Hernández', 1),
(5, 'Javier', 'González', 19),
(6, 'Ana', 'Pérez', 2),
(7, 'Pedro', 'Sánchez', 12),
(8, 'Paula', 'Díaz', 28),
(9, 'Sergio', 'Rodríguez', 17),
(10, 'Elena', 'Fernández', 25),
(11, 'Miguel', 'Gómez', 4),
(12, 'Natalia', 'Ruiz', 10),
(13, 'Diego', 'Martínez', 8),
(14, 'Lucía', 'López', 16),
(15, 'Manuel', 'García', 22),
(16, 'Carmen', 'Hernández', 6),
(17, 'Alberto', 'González', 30),
(18, 'Marina', 'Pérez', 24),
(19, 'Luis', 'Sánchez', 15),
(20, 'Alicia', 'Díaz', 26),
(21, 'Fernando', 'Rodríguez', 11),
(22, 'Sara', 'Fernández', 27),
(23, 'Germán', 'Gómez', 18),
(24, 'Isabel', 'Ruiz', 23),
(25, 'Andrés', 'Martínez', 5),
(26, 'Eva', 'López', 20),
(27, 'Roberto', 'García', 9),
(28, 'Silvia', 'Hernández', 3),
(29, 'Daniel', 'González', 13),
(30, 'Patricia', 'Pérez', 29);

-- inserts para clientes
INSERT INTO Cliente (ClienteID, Nombre, Apellido, Email) VALUES
(1, 'Luis', 'Martínez', 'luis.martinez@example.com'),
(2, 'María', 'García', 'maria.garcia@example.com'),
(3, 'Carlos', 'López', 'carlos.lopez@example.com'),
(4, 'Laura', 'Pérez', 'laura.perez@example.com'),
(5, 'Javier', 'Rodríguez', 'javier.rodriguez@example.com'),
(6, 'Ana', 'Sánchez', 'ana.sanchez@example.com'),
(7, 'Pedro', 'González', 'pedro.gonzalez@example.com'),
(8, 'Paula', 'Hernández', 'paula.hernandez@example.com'),
(9, 'Sergio', 'Díaz', 'sergio.diaz@example.com'),
(10, 'Elena', 'Fernández', 'elena.fernandez@example.com'),
(11, 'Miguel', 'Ruiz', 'miguel.ruiz@example.com'),
(12, 'Natalia', 'Martín', 'natalia.martin@example.com'),
(13, 'Diego', 'Jiménez', 'diego.jimenez@example.com'),
(14, 'Lucía', 'Torres', 'lucia.torres@example.com'),
(15, 'Manuel', 'Álvarez', 'manuel.alvarez@example.com'),
(16, 'Carmen', 'Gómez', 'carmen.gomez@example.com'),
(17, 'Alberto', 'Navarro', 'alberto.navarro@example.com'),
(18, 'Marina', 'Vázquez', 'marina.vazquez@example.com'),
(19, 'Luisa', 'Herrera', 'luisa.herrera@example.com'),
(20, 'Alicia', 'Santos', 'alicia.santos@example.com'),
(21, 'Fernando', 'Cabrera', 'fernando.cabrera@example.com'),
(22, 'Sara', 'Molina', 'sara.molina@example.com'),
(23, 'Germán', 'Ortega', 'german.ortega@example.com'),
(24, 'Isabel', 'Reyes', 'isabel.reyes@example.com'),
(25, 'Andrés', 'Iglesias', 'andres.iglesias@example.com'),
(26, 'Eva', 'Moreno', 'eva.moreno@example.com'),
(27, 'Roberto', 'Delgado', 'roberto.delgado@example.com'),
(28, 'Silvia', 'Castro', 'silvia.castro@example.com'),
(29, 'Daniel', 'Ortiz', 'daniel.ortiz@example.com'),
(30, 'Patricia', 'Gallardo', 'patricia.gallardo@example.com');

-- inserts para orden_compra 
INSERT INTO orden_compra (ordenID, fecha, proveedorID, empleadoID, total) VALUES
(1, '2024-06-01', 10, 25, 300.00),
(2, '2024-06-02', 7, 13, 420.00),
(3, '2024-06-03', 18, 29, 200.00),
(4, '2024-06-04', 5, 8, 150.00),
(5, '2024-06-05', 15, 6, 180.00),
(6, '2024-06-06', 3, 20, 270.00),
(7, '2024-06-07', 29, 19, 350.00),
(8, '2024-06-08', 12, 28, 400.00),
(9, '2024-06-09', 22, 1, 500.00),
(10, '2024-06-10', 8, 14, 320.00),
(11, '2024-06-11', 25, 4, 280.00),
(12, '2024-06-12', 14, 15, 180.00),
(13, '2024-06-13', 19, 18, 420.00),
(14, '2024-06-14', 6, 27, 250.00),
(15, '2024-06-15', 30, 16, 380.00),
(16, '2024-06-16', 17, 10, 300.00),
(17, '2024-06-17', 23, 26, 240.00),
(18, '2024-06-18', 2, 9, 200.00),
(19, '2024-06-19', 21, 11, 350.00),
(20, '2024-06-20', 13, 2, 280.00),
(21, '2024-06-21', 27, 30, 420.00),
(22, '2024-06-22', 1, 24, 300.00),
(23, '2024-06-23', 11, 3, 380.00),
(24, '2024-06-24', 9, 12, 270.00),
(25, '2024-06-25', 28, 5, 320.00),
(26, '2024-06-26', 16, 23, 250.00),
(27, '2024-06-27', 20, 22, 180.00),
(28, '2024-06-28', 4, 17, 400.00),
(29, '2024-06-29', 26, 21, 350.00),
(30, '2024-06-30', 24, 7, 420.00);

-- inserts para orden_detalle
INSERT INTO orden_detalle (ordenID, pieza_id, cantidad, precio) VALUES
(1, 5, 2, 36.00),
(2, 12, 1, 45.00),
(3, 7, 4, 20.00),
(4, 15, 3, 60.00),
(5, 19, 2, 150.00),
(6, 4, 1, 35.00),
(7, 2, 3, 45.00),
(8, 24, 2, 75.00),
(9, 10, 5, 50.00),
(10, 3, 10, 20.00),
(11, 9, 2, 100.00),
(12, 27, 4, 60.00),
(13, 28, 2, 30.00),
(14, 6, 5, 125.00),
(15, 18, 3, 30.00),
(16, 22, 2, 150.00),
(17, 25, 1, 175.00),
(18, 21, 4, 120.00),
(19, 29, 3, 120.00),
(20, 1, 6, 90.00),
(21, 26, 2, 160.00),
(22, 14, 3, 36.00),
(23, 11, 4, 60.00),
(24, 20, 5, 60.00),
(25, 13, 2, 160.00),
(26, 8, 7, 30.00),
(27, 23, 2, 50.00),
(28, 17, 3, 105.00),
(29, 30, 2, 160.00),
(30, 16, 3, 60.00);

-- inserts para vehiculo
INSERT INTO Vehiculo (VehiculoID, Placa, Marca, Modelo, Año, ClienteID) VALUES
(1, 'ABC123', 'Toyota', 'Corolla', 2019, 3),
(2, 'XYZ456', 'Honda', 'Civic', 2020, 7),
(3, 'DEF789', 'Ford', 'Focus', 2018, 11),
(4, 'GHI012', 'Chevrolet', 'Cruze', 2021, 15),
(5, 'JKL345', 'Volkswagen', 'Jetta', 2017, 19),
(6, 'MNO678', 'Nissan', 'Sentra', 2022, 23),
(7, 'PQR901', 'Hyundai', 'Elantra', 2016, 27),
(8, 'STU234', 'Kia', 'Forte', 2023, 2),
(9, 'VWX567', 'Mazda', '3', 2019, 6),
(10, 'YZA890', 'Subaru', 'Impreza', 2020, 10),
(11, 'BCD123', 'Audi', 'A3', 2018, 14),
(12, 'EFG456', 'BMW', '3 Series', 2021, 18),
(13, 'HIJ789', 'Mercedes-Benz', 'C-Class', 2017, 22),
(14, 'KLM012', 'Lexus', 'IS', 2022, 26),
(15, 'NOP345', 'Infiniti', 'Q50', 2016, 30),
(16, 'QRS678', 'Acura', 'ILX', 2023, 4),
(17, 'TUV901', 'Tesla', 'Model 3', 2019, 8),
(18, 'VWX234', 'Volvo', 'S60', 2020, 12),
(19, 'YZA567', 'Jeep', 'Compass', 2018, 16),
(20, 'BCD890', 'Land Rover', 'Range Rover Evoque', 2021, 20),
(21, 'EFG123', 'Porsche', 'Cayenne', 2017, 24),
(22, 'HIJ456', 'Lamborghini', 'Huracán', 2022, 28),
(23, 'KLM789', 'Ferrari', '488 GTB', 2016, 1),
(24, 'NOP012', 'McLaren', '570S', 2023, 5),
(25, 'QRS345', 'Bugatti', 'Chiron', 2019, 9),
(26, 'TUV678', 'Pagani', 'Huayra', 2020, 13),
(27, 'VWX901', 'Koenigsegg', 'Agera RS', 2018, 17),
(28, 'YZA234', 'Aston Martin', 'DB11', 2021, 21),
(29, 'BCD567', 'Lotus', 'Evora', 2017, 25),
(30, 'EFG890', 'Fiat', '500', 2022, 29);

-- inserts para reparacion

INSERT INTO Reparacion (ReparacionID, Fecha, VehiculoID, ServicioID, CostoTotal, Descripcion, duracion) VALUES
(1, '2024-06-01', 3, 7, 150.00, 'Reparación de frenos delanteros.', 4),
(2, '2024-06-02', 11, 3, 200.00, 'Reparación de sistema de dirección.', 6),
(3, '2024-06-03', 20, 11, 180.00, 'Reparación de sistema eléctrico.', 5),
(4, '2024-06-04', 7, 2, 300.00, 'Reparación de sistema de climatización.', 8),
(5, '2024-06-05', 2, 19, 250.00, 'Reparación de motor.', 7),
(6, '2024-06-06', 18, 5, 350.00, 'Reparación de sistema de suspensión.', 10),
(7, '2024-06-07', 10, 8, 400.00, 'Reparación de sistema de transmisión.', 12),
(8, '2024-06-08', 28, 15, 280.00, 'Reparación de sistema de escape.', 6),
(9, '2024-06-09', 16, 22, 320.00, 'Reparación de sistema de inyección.', 8),
(10, '2024-06-10', 6, 1, 220.00, 'Reparación de sistema de frenos.', 5),
(11, '2024-06-11', 25, 9, 400.00, 'Reparación de sistema de luces.', 7),
(12, '2024-06-12', 8, 27, 350.00, 'Reparación de sistema de suspensión.', 9),
(13, '2024-06-13', 17, 13, 300.00, 'Reparación de sistema de climatización.', 8),
(14, '2024-06-14', 22, 21, 180.00, 'Reparación de sistema de dirección.', 6),
(15, '2024-06-15', 29, 17, 280.00, 'Reparación de motor.', 7),
(16, '2024-06-16', 14, 26, 350.00, 'Reparación de sistema de transmisión.', 10),
(17, '2024-06-17', 5, 6, 250.00, 'Reparación de sistema de inyección.', 8),
(18, '2024-06-18', 23, 20, 400.00, 'Reparación de sistema de frenos.', 12),
(19, '2024-06-19', 30, 30, 320.00, 'Reparación de sistema de escape.', 6),
(20, '2024-06-20', 9, 18, 220.00, 'Reparación de sistema de luces.', 5),
(21, '2024-06-21', 1, 4, 400.00, 'Reparación de sistema de dirección.', 9),
(22, '2024-06-22', 21, 10, 350.00, 'Reparación de motor.', 7),
(23, '2024-06-23', 13, 28, 180.00, 'Reparación de sistema de transmisión.', 6),
(24, '2024-06-24', 27, 2, 280.00, 'Reparación de sistema de inyección.', 8),
(25, '2024-06-25', 4, 19, 350.00, 'Reparación de sistema de frenos.', 10),
(26, '2024-06-26', 12, 1, 250.00, 'Reparación de sistema de escape.', 6),
(27, '2024-06-27', 19, 9, 220.00, 'Reparación de sistema de luces.', 5),
(28, '2024-06-28', 26, 27, 400.00, 'Reparación de sistema de dirección.', 9),
(29, '2024-06-29', 3, 15, 350.00, 'Reparación de motor.', 8),
(30, '2024-06-30', 8, 22, 180.00, 'Reparación de sistema de transmisión.', 6);


-- inserts para reparacion pieza
INSERT INTO reparacion_pieza (reparacionID, piezaID, cantidad) VALUES
(1, 5, 2),
(2, 12, 1),
(3, 7, 4),
(4, 15, 3),
(5, 19, 2),
(6, 4, 1),
(7, 2, 3),
(8, 24, 2),
(9, 10, 5),
(10, 3, 10),
(11, 9, 2),
(12, 27, 4),
(13, 28, 2),
(14, 6, 5),
(15, 18, 3),
(16, 22, 2),
(17, 25, 1),
(18, 21, 4),
(19, 29, 3),
(20, 1, 6),
(21, 26, 2),
(22, 14, 3),
(23, 11, 4),
(24, 20, 5),
(25, 13, 2),
(26, 8, 7),
(27, 23, 2),
(28, 17, 3),
(29, 30, 2),
(30, 16, 3);

-- inserts para empleado_reparacion
INSERT INTO Empleado_reparacion (empleadoID, reparacionID) VALUES
(1, 5),
(2, 12),
(3, 7),
(4, 15),
(5, 19),
(6, 4),
(7, 2),
(8, 24),
(9, 10),
(10, 3),
(11, 9),
(12, 27),
(13, 28),
(14, 6),
(15, 18),
(16, 22),
(17, 25),
(18, 21),
(19, 29),
(20, 1),
(21, 26),
(22, 14),
(23, 11),
(24, 20),
(25, 13),
(26, 8),
(27, 23),
(28, 17),
(29, 30),
(30, 16);

-- inserts para factura
INSERT INTO factura (facturaID, fecha, clienteID, total) VALUES
(1, '2024-06-01', 3, 150.00),
(2, '2024-06-02', 7, 200.00),
(3, '2024-06-03', 11, 180.00),
(4, '2024-06-04', 15, 300.00),
(5, '2024-06-05', 19, 250.00),
(6, '2024-06-06', 23, 350.00),
(7, '2024-06-07', 27, 400.00),
(8, '2024-06-08', 2, 280.00),
(9, '2024-06-09', 6, 320.00),
(10, '2024-06-10', 10, 220.00),
(11, '2024-06-11', 14, 400.00),
(12, '2024-06-12', 18, 350.00),
(13, '2024-06-13', 22, 300.00),
(14, '2024-06-14', 26, 180.00),
(15, '2024-06-15', 30, 280.00),
(16, '2024-06-16', 4, 350.00),
(17, '2024-06-17', 8, 250.00),
(18, '2024-06-18', 12, 400.00),
(19, '2024-06-19', 16, 320.00),
(20, '2024-06-20', 20, 220.00),
(21, '2024-06-21', 24, 400.00),
(22, '2024-06-22', 28, 350.00),
(23, '2024-06-23', 1, 300.00),
(24, '2024-06-24', 5, 180.00),
(25, '2024-06-25', 9, 280.00),
(26, '2024-06-26', 13, 350.00),
(27, '2024-06-27', 17, 250.00),
(28, '2024-06-28', 21, 400.00),
(29, '2024-06-29', 25, 320.00),
(30, '2024-06-30', 29, 220.00);

-- inserts para factura_detalle
INSERT INTO factura_detalle (facturaID, reparacionID, cantidad, precio) VALUES
(1, 5, 2, 75.00),
(2, 12, 1, 100.00),
(3, 7, 4, 50.00),
(4, 15, 3, 125.00),
(5, 19, 2, 150.00),
(6, 4, 1, 300.00),
(7, 2, 3, 45.00),
(8, 24, 2, 175.00),
(9, 10, 5, 50.00),
(10, 3, 10, 20.00),
(11, 9, 2, 160.00),
(12, 27, 4, 60.00),
(13, 28, 2, 30.00),
(14, 6, 5, 125.00),
(15, 18, 3, 120.00),
(16, 22, 2, 150.00),
(17, 25, 1, 175.00),
(18, 21, 4, 105.00),
(19, 29, 3, 120.00),
(20, 1, 6, 90.00),
(21, 26, 2, 160.00),
(22, 14, 3, 36.00),
(23, 11, 4, 60.00),
(24, 20, 5, 60.00),
(25, 13, 2, 160.00),
(26, 8, 7, 30.00),
(27, 23, 2, 50.00),
(28, 17, 3, 105.00),
(29, 30, 2, 160.00),
(30, 16, 3, 60.00);

-- inserts para telefono 
INSERT INTO telefono (entidadID, tipotelefono, numero, tipopersona) VALUES
(3, 'Celular', '555-1234', 'C'),
(7, 'Oficina', '555-5678', 'C'),
(11, 'Celular', '555-9012', 'C'),
(15, 'Casa', '555-3456', 'C'),
(19, 'Oficina', '555-7890', 'C'),
(23, 'Celular', '555-2345', 'C'),
(27, 'Casa', '555-6789', 'C'),
(2, 'Celular', '555-1234', 'E'),
(6, 'Oficina', '555-5678', 'E'),
(10, 'Celular', '555-9012', 'E'),
(14, 'Casa', '555-3456', 'E'),
(18, 'Oficina', '555-7890', 'E'),
(22, 'Celular', '555-2345', 'E'),
(26, 'Casa', '555-6789', 'E'),
(1, 'Celular', '555-1234', 'P'),
(5, 'Oficina', '555-5678', 'P'),
(9, 'Celular', '555-9012', 'P'),
(13, 'Casa', '555-3456', 'P'),
(17, 'Oficina', '555-7890', 'P'),
(21, 'Celular', '555-2345', 'P'),
(25, 'Casa', '555-6789', 'P'),
(4, 'Celular', '555-1234', 'C'),
(8, 'Oficina', '555-5678', 'C'),
(12, 'Celular', '555-9012', 'C'),
(16, 'Casa', '555-3456', 'C'),
(20, 'Oficina', '555-7890', 'C'),
(24, 'Celular', '555-2345', 'C'),
(28, 'Casa', '555-6789', 'C'),
(30, 'Oficina', '555-1234', 'C'),
(29, 'Celular', '555-5678', 'C');

-- inserts para direccion
INSERT INTO direccion (clienteID, direccion, codigopostal, ciudad, pais) VALUES
(3, 'Calle A #123', '12345', 'Ciudad A', 'País A'),
(7, 'Avenida B #456', '23456', 'Ciudad B', 'País B'),
(11, 'Carrera C #789', '34567', 'Ciudad C', 'País C'),
(15, 'Calle D #012', '45678', 'Ciudad D', 'País D'),
(19, 'Avenida E #123', '56789', 'Ciudad E', 'País E'),
(23, 'Carrera F #456', '67890', 'Ciudad F', 'País F'),
(27, 'Calle G #789', '78901', 'Ciudad G', 'País G'),
(2, 'Avenida H #012', '89012', 'Ciudad H', 'País H'),
(6, 'Carrera I #123', '90123', 'Ciudad I', 'País I'),
(10, 'Calle J #456', '01234', 'Ciudad J', 'País J'),
(14, 'Avenida K #789', '12345', 'Ciudad K', 'País K'),
(18, 'Carrera L #012', '23456', 'Ciudad L', 'País L'),
(22, 'Calle M #123', '34567', 'Ciudad M', 'País M'),
(26, 'Avenida N #456', '45678', 'Ciudad N', 'País N'),
(1, 'Carrera O #789', '56789', 'Ciudad O', 'País O'),
(5, 'Calle P #012', '67890', 'Ciudad P', 'País P'),
(9, 'Avenida Q #123', '78901', 'Ciudad Q', 'País Q'),
(13, 'Carrera R #456', '89012', 'Ciudad R', 'País R'),
(17, 'Calle S #789', '90123', 'Ciudad S', 'País S'),
(21, 'Avenida T #012', '01234', 'Ciudad T', 'País T'),
(25, 'Carrera U #123', '12345', 'Ciudad U', 'País U'),
(4, 'Calle V #456', '23456', 'Ciudad V', 'País V'),
(8, 'Avenida W #789', '34567', 'Ciudad W', 'País W'),
(12, 'Carrera X #012', '45678', 'Ciudad X', 'País X'),
(16, 'Calle Y #123', '56789', 'Ciudad Y', 'País Y'),
(20, 'Avenida Z #456', '67890', 'Ciudad Z', 'País Z'),
(24, 'Carrera AA #789', '78901', 'Ciudad AA', 'País AA'),
(28, 'Calle BB #012', '89012', 'Ciudad BB', 'País BB'),
(30, 'Avenida CC #123', '90123', 'Ciudad CC', 'País CC'),
(29, 'Carrera DD #456', '01234', 'Ciudad DD', 'País DD');

-- inserts para cita
INSERT INTO cita (citaID, fechaHora, clienteID, vehiculoID, servicioID) VALUES
(1, '2024-06-01 09:00:00', 3, 5, 7),
(2, '2024-06-02 10:30:00', 7, 12, 3),
(3, '2024-06-03 11:45:00', 11, 20, 11),
(4, '2024-06-04 13:15:00', 15, 7, 2),
(5, '2024-06-05 14:30:00', 19, 2, 19),
(6, '2024-06-06 15:45:00', 23, 18, 5),
(7, '2024-06-07 08:00:00', 27, 10, 8),
(8, '2024-06-08 09:30:00', 2, 28, 15),
(9, '2024-06-09 10:45:00', 6, 16, 22),
(10, '2024-06-10 12:00:00', 10, 6, 1),
(11, '2024-06-11 13:15:00', 14, 25, 9),
(12, '2024-06-12 14:30:00', 18, 8, 27),
(13, '2024-06-13 15:45:00', 22, 26, 17),
(14, '2024-06-14 08:00:00', 26, 4, 19),
(15, '2024-06-15 09:30:00', 30, 14, 26),
(16, '2024-06-16 10:45:00', 4, 22, 21),
(17, '2024-06-17 12:00:00', 8, 29, 30),
(18, '2024-06-18 13:15:00', 12, 3, 15),
(19, '2024-06-19 14:30:00', 16, 8, 22),
(20, '2024-06-20 15:45:00', 20, 27, 23),
(21, '2024-06-21 08:00:00', 24, 5, 6),
(22, '2024-06-22 09:30:00', 28, 13, 28),
(23, '2024-06-23 10:45:00', 1, 21, 10),
(24, '2024-06-24 12:00:00', 5, 30, 30),
(25, '2024-06-25 13:15:00', 9, 9, 18),
(26, '2024-06-26 14:30:00', 13, 23, 20),
(27, '2024-06-27 15:45:00', 17, 29, 30),
(28, '2024-06-28 08:00:00', 21, 1, 4),
(29, '2024-06-29 09:30:00', 25, 21, 10),
(30, '2024-06-30 10:45:00', 29, 30, 30);
